PuzzlesCompleted,PuzzlesFailed,AverageTime,ATTF
1,0,30.482303619384766,0
1,1,18.428346633911133,3.299081563949585
